,Order,Family,Genus,Taxon,Unit,Term,X1975,X1976,X1977,X1978,X1979,X1980,X1981,X1982,X1983,X1984,X1985,X1986,X1987,X1988,X1989,X1990,X1991,X1992,X1993,X1994,X1995,X1996,X1997,X1998,X1999,X2000,X2001,X2002,X2003,X2004,X2005,X2006,X2007,X2008,X2009,X2010,X2011,X2012,X2013,X2014
1,Testudines,Cheloniidae,Eretmochelys,Eretmochelys imbricata,,BOD+CAP,0,0,0,0,0,0,0,209,129,81,178,152,127,97,78,172,138,94,105,47,52,40,42,22,18,13,28,20,19,19,7,11,120,15,19,23,9,32,6,13
2,Testudines,Cheloniidae,Chelonia,Chelonia mydas,,BOD+CAP,0,0,0,0,0,0,0,206,135,43,69,97,104,107,86,118,87,40,30,33,31,24,18,20,21,4,5,12,12,14,10,7,8,12,15,12,13,8,15,4
4,Proboscidea,Elephantidae,Loxodonta,Loxodonta africana,,CAR+CST+IJW+IVC+IVP+IVS+KEY+PKY+TUS,0,0,0,0,0,0,0,1139,2284,11221,2585,3161,7911,2437,8391,5057,2086,1971,908,829,340,742,262,455,587,194,806,743,351,734,352,222,349,915,308,614,264,282,638,3062
5,Crocodylia,Alligatoridae,Caiman,Caiman crocodilus + subspecies,,BEL+HAN+LEA+LPL+LPS+SHO+SKO+WAL+WAT,0,0,0,0,0,0,0,990,5043,1113,1614,691,1141,5125,1118,4965,1533.5,662,218.5,281,230,172,274.5,1071,787,737,416,650,1568,578,305,1273,786,3596,5122,2013,1574,545,2501,317
6,Crocodylia,Crocodylidae,Crocodylus,Crocodylus niloticus,,BEL+HAN+LEA+LPL+LPS+SHO+SKO+WAL+WAT,0,0,0,0,0,0,0,13,43,31,71,189,46,74,100,28,31,198,55,54,3,58,17,26,44,50,37,25,48,20,94,104,184,877,729,164,740,418,228,311
7,Crocodylia,Crocodylidae,Osteolaemus,Osteolaemus tetraspis,,BEL+HAN+LEA+LPL+LPS+SHO+SKO+WAL+WAT,0,0,0,0,0,0,0,5,38,34,202,316,306,295,397,208,175,193,148,73,64,63,46,17,7,8,6,8,4,19,18,6,12,7,4,5,5,2,86,1
8,Serpentes,Pythonidae,Python,Python sebae,,BEL+HAN+LEA+LPL+LPS+SHO+SKO+WAL+WAT,0,0,0,0,0,0,0,3,5,323,440,536,724,6509,581,678,2493,459.5,225,212,181,246,150,153,188,189,15,23,24,51,57,122,20,510,117,150,85,6,24,50
9,Cetacea,Physeteridae,Physeter,Physeter macrocephalus,,TEE,0,0,0,0,0,0,0,14,3,20,8,5,3,3,46,14,5,19,14,21,2,2,2,34,6,9,4,17,5,730,35,9,6,5,7,5,1,4,9,20
10,Carnivora,Felidae,Panthera,Panthera pardus,,TRO,0,0,0,0,0,0,0,4,9,7,9,16,11,12,11,5,7,5,10,4,3,6,3,6,6,8,12,6,5,8,21,31,19,30,14,13,14,18,10,5
11,Testudines,Cheloniidae,Eretmochelys,Eretmochelys imbricata,,BEL+CAR+HAN+LPL+LPS+SHO+SKO+WAL+WAT,0,0,0,0,0,0,0,34,1592,361,356,74,934,76,101,369,1194,1325,366,31,8,14,79,5,5,6,1,1,41,5,21,8,2,27,13,7,0,8,3,4
12,Sauria,Varanidae,Varanus,Varanus niloticus,,BEL+HAN+LEA+LPL+LPS+SHO+SKO+WAL+WAT,0,0,0,0,0,0,0,0,1596,221,210,503,159,40,155,45,9805,309,111,1602,411,67,172,4555,987,162,390,324,372,950,483,113,25,1206,224,440,634,81,143,52
13,Carnivora,Felidae,Panthera,Panthera pardus,,PLA+SKI,0,0,0,0,0,0,0,12,3,19,23,24,28,19,25,16,15,15,17,15,13,7,2,7,4,8,10,7,3,6,6,3,2,1,2,4,1,1,2,0
15,Crocodylia,Alligatoridae,Alligator,Alligator mississippiensis,,BEL+HAN+LEA+LPL+LPS+SHO+SKO+WAL+WAT,0,0,0,0,0,0,0,13,83,0,36,12,18,16,144,211,153,112,178,2005.5,247.5,200,179,698,660,1095,991,767,1556,1501,1577,2559,483,2284,5061,3821,1433,3195,2452,1869
16,Serpentes,Pythonidae,Python,Python reticulatus,,BEL+GAR+HAN+LEA+LPL+LPS+SHO+SKO+WAL+WAT,0,0,0,0,0,0,0,340,844,122,260,352,328,2881,272,1656,241,124.5,154,274,647,674,164,116,260,535,292,186,163,699,146,321,103,2028,3618,1120,2050,3540,1296,763
17,Carnivora,Felidae,Leopardus,Leopardus pardalis,,SKI,0,0,0,0,0,0,0,76,97,82,76,52,33,63,82,78,59,32,32,17,17,16,14,6,6,6,6,5,2,2,12,6,4,0,4,7,2,0,1,1
18,Carnivora,Felidae,Lynx,Lynx rufus,,SKI+SKP,0,0,0,0,0,0,0,525,31,2,3,5,1,2,5,7,9,3,3,1,1,2,1,5,2,2,3,2,0,6,1,3,22,150,219,17,5,0,12,4
19,Serpentes,Pythonidae,Python,Python sebae,,SID+SKD+SKI+SKP,0,0,0,0,0,0,0,15,4,6,61,249,29,248,114,33,19,134,30,17,28,14,4,10,1,8,27,9,1,22,9,8,9,5,4,15,3,1,6,1
20,Artiodactyla,Bovidae,Damaliscus,Damaliscus pygargus pygargus,,TRO,0,0,0,0,0,0,0,0,0,5,8,1,3,7,4,2,1,5,7,7,1,2,7,7,8,4,8,7,3,4,10,6,5,2,6,3,1,5,5,1
22,Sauria,Iguanidae,Iguana,Iguana iguana,,BOD,0,0,0,0,0,0,0,20,10,2,0,1,5,1,15,14,27,9,7,7,36,27,65,1,3,1,2,2,1,0,44,9,25,1,13,6,15,28,1,0
23,Sauria,Iguanidae,Iguana,Iguana iguana,,LIV,0,0,0,0,0,0,0,2,2,0,5,21,2085,304,54,38,63,46,2,5,4,13,140,1,2,2,2,2,2,2,3,3,4,2007,4,2,2,0,1,0
24,Psittaciformes,Psittacidae,Psittacus,Psittacus erithacus,,LIV,0,0,0,0,0,0,0,152,0,0,2,3,74,6,3,2,2,1,30,6,9,9,4,5,13,11,7,9,2,5,4,0,1,2,3,2,2,1,3,10
26,Serpentes,Pythonidae,Python,Python reticulatus,,SID+SKD+SKP,0,0,0,0,0,0,0,0,5,0,6,2,15,533,20,12,1,42,0,12,14475,5,42,1,42,38,8,2,3,11,83,1,68,106,1,18,95,1072,7,2
27,Proboscidea,Elephantidae,Elephas,Elephas maximus,,CAR+CST+IJW+IVC+IVP+IVS+KEY+PKY+TUS,0,0,0,0,0,0,0,0,1,8,153,0,98,34,178,86,37,13,76,11,7,4,12,42,14,18,8,5,0,2,38,41,9,38,83,17,12,383,34,118
29,Crocodylia,Crocodylidae,Crocodylus,Crocodylus porosus,,BEL+HAN+LEA+LPL+LPS+SHO+SKO+WAL+WAT,0,0,0,0,0,0,0,2,13,3,0,10,31,16,24,24,4,3,6,28,29,53,4,20,2,34,3,15,164,2,391,86,102,220,68,50,66,45,65,81
30,Carnivora,Canidae,Canis,Canis lupus,,SKI,0,0,0,0,0,0,0,1,3,0,5,2,9,3,0,3,9,4,2,10,15,3,4,3,114,1,4,0,8,4,2,2,0,21,19,16,4,2,9,72
31,Carnivora,Felidae,Panthera,Panthera onca,,PLA+SKI,0,0,0,0,0,0,0,12,12,14,15,15,9,12,11,26,20,17,13,6,1,3,4,2,2,6,0,4,0,1,3,2,0,1,1,1,2,1,0,1
32,Crocodylia,Alligatoridae,Caiman,Caiman crocodilus + subspecies,,BOD,0,0,0,0,0,0,0,23,21,9,7,26,33,20,61,43,26,14,17,17,13,12,9,11,8,11,31,18,10,7,3,11,4,2,8,2,8,3,2,0
33,Carnivora,Felidae,Panthera,Panthera tigris,,CLA,0,0,0,0,0,0,0,2,2,0,0,4,0,19,2,6,3,1,26,4,1,1,19,1,3,3,4,1,4,0,0,2,6,2,4,7,5,2,3,2
34,Falconiformes,Accipitridae,Haliaeetus,Haliaeetus leucocephalus,,FEA,0,0,0,0,0,0,0,0,0,0,0,0,1,0,4,32,86,38,5,6,20,46,14,10,25,72,10,9,72,14,46,17,15,48,63,41,57,92,50,23
35,Psittaciformes,Psittacidae,Amazona,Amazona autumnalis,,LIV,0,0,0,0,0,0,0,2,0,0,8,1,3,1,10,2,1,1,3,3,1,8,2,1,6,5,3,3,3,45,1,0,6,2,2,0,0,0,1,2
36,Veneroida,Tridacnidae,Tridacna,Tridacna squamosa,,SHE,0,0,0,0,0,0,0,0,0,0,0,96,36,48,2408,143,550,7064,4,0,12,1,3,4,4,53,95,8,2,4,12,179,0,24,27.5,234,26,45,23,8
38,Crocodylia,Crocodylidae,Crocodylus,Crocodylus niloticus,,SID+SKD+SKI+SKP,0,0,0,0,0,0,0,2,3,1,62,4,4,4,63,0,6,4,67,1,1,6,1,35,12,80,103,0,4,0,6,0,5,236,15,288,322,82,494,6
39,Perissodactyla,Equidae,Equus,Equus zebra hartmannae,,SKI,0,0,0,0,0,0,0,0,0,4,5,5,2,1,13,42,10,9,9,7,23,10,4,3,5,2,3,5,6,0,1,3,1,1,6,0,4,4,0,0
40,Serpentes,Pythonidae,Python,Python reticulatus,,SKI,0,0,0,0,0,0,0,8,62,0,4,3,182,17,6,74,1,30,2,0,1,0,0,1,2,103,17,1,0,2,10,14,1,12,245,591,455,87,3,0
41,Crocodylia,Alligatoridae,Alligator,Alligator mississippiensis,,SID+SKD+SKP,0,0,0,0,0,0,0,6,0,0,0,3,16,11,1,10,4,0,0,3,240,135,0,69,5,55,16,41,80,39,312,48,1,16,163,200,40,2,3,187
42,Psittaciformes,Psittacidae,Aratinga,Aratinga canicularis,,LIV,0,0,0,0,0,0,0,16,1,2,0,0,0,0,0,7,1,6,5,6,4,51,4,1,14,58,104,1,0,65,0,5,22,9,9,5,2,2,3,3
43,Sauria,Varanidae,Varanus,Varanus salvator,,BEL+HAN+LEA+LPL+LPS+SHO+SKO+WAL+WAT,0,0,0,0,0,0,0,0,518,2,41,52,1487,61,1336,1197,13234,54,873,285,465,7591,29,13,340,87,23,27,0,100,92,109,117,2180,589,405,1498,295,1271,135
44,Veneroida,Tridacnidae,Hippopus,Hippopus hippopus,,CAR+SHE,0,0,0,0,0,0,0,0,0,0,18,961,51,91,791,5309,2547,8968,0,3,230,5,11,39,6,19,10,13,34,7,8,9,13,32,30,68,34,19,11,7
47,Carnivora,Felidae,Leopardus,Leopardus wiedii,,SKI,0,0,0,0,0,0,0,16,13,2,10,14,4,11,8,17,12,3,0,2,2,3,1,1,0,2,0,2,0,8,2,1,1,1,2,3,2,0,0,0
48,Perissodactyla,Equidae,Equus,Equus zebra hartmannae,,TRO,0,0,0,0,0,0,0,0,1,0,2,0,0,0,3,3,3,1,4,1,1,3,0,4,5,1,2,2,2,0,2,4,6,11,17,4,7,5,8,7
50,Falconiformes,Accipitridae,Aquila,Aquila chrysaetos,,FEA,0,0,0,0,0,0,0,0,0,0,0,1,3,0,9,1,1,2,13,0,0,6,72,27,19,1,3,8,11,6,0,4,1,8,13,33,16,17,44,4
51,Psittaciformes,Psittacidae,Amazona,Amazona albifrons,,LIV,0,0,0,0,0,0,0,6,1,0,3,1,2,3,8,2,4,3,1,2,6,54,1,0,5,0,5,0,2,2,0,3,1,1,1,1,1,0,0,0
53,Crocodylia,Alligatoridae,Caiman,Caiman crocodilus + subspecies,,SID+SKD+SKI+SKP,0,0,0,0,0,0,0,8,2506,6,2,37,15923,1346,483,453,2771,7,213,3,1258,940,37,34,37,22,2577,50,22,118,40,172,232,5264,900,4187,4068,15,2977,3006
54,Carnivora,Odobenidae,Odobenus,Odobenus rosmarus,,CAR+IVC+IVP+TUS,0,0,0,0,0,0,0,0,0,0,1085,7980,3,0,477,314,50,212,43,411,17,4,64,20,92,92,22,50,42,10,34,889,3500,15,31,11,81,65,16,5
56,Strigiformes,Tytonidae,Tyto,Tyto alba,,BOD,0,0,0,0,0,0,0,0,2,4,6,6,1,4,5,6,6,1,6,2,1,0,2,3,1,1,0,0,0,1,2,12,0,0,1,2,0,1,1,0
57,Falconiformes,Accipitridae,Buteo,Buteo jamaicensis,,FEA,0,0,0,0,0,0,0,0,0,0,0,0,1,54,0,1,10,17,2,0,7,0,1,23,4,7,4,2,32,2,0,17,2,10,17,47,41,27,39,8
58,Carnivora,Felidae,Panthera,Panthera pardus,,BEL+GAR+HAN+LEA+LPL+LPS+SKO,0,0,0,0,0,0,0,3,8,5,11,3,5,5,7,9,14,3,5,3,2,1,3,5,1,0,0,0,0,0,1,8,2,2,2,6,2,1,261,1
59,Testudines,Testudinidae,Chelonoidis,Chelonoidis carbonaria,,LIV,0,0,0,0,0,0,0,0,6,0,5,0,0,10,0,93,6,0,1,1,3,1,5,2,0,1,2,1,15,8,4,0,1,10,601,0,8,3,3,213
60,Orchidales,Orchidaceae,Orchidaceae,Orchidaceae hybrid,,LIV,0,0,0,0,0,0,0,0,0,0,173,1210,61,0,2,0,53,7,0,127,2,5,0,48,14,189,143,388,15,146,1,5,100,279,285,50,1963,60,0,0
61,Proboscidea,Elephantidae,Loxodonta,Loxodonta africana,,BEL+GAR+HAN+LEA+LPL+LPS+SHO+SKO+WAL+WAT,0,0,0,0,0,0,0,9,194,5,67,7,44,25,68,82,93,46,144,16,9,11,21,7,10,24,2,8,0,541,5,13,4,19,280,40,43,41,153,19
62,Veneroida,Tridacnidae,Tridacna,Tridacna gigas,,SHE,0,0,0,0,0,0,0,0,0,0,0,1,13,4,2432,4,0,47,0,2,4,5,3,0,4,4,0,1,2,4,19,2,11,7,23,21,10,0,1,121
63,Serpentes,Colubridae,Ptyas,Ptyas mucosus,,BEL+HAN+LEA+LPL+LPS+SHO+SKO+WAL+WAT,0,0,0,0,0,0,0,0,0,114,1215,230,819,1388,16594,6140,7107,5367,922.5,353.5,85,4,41,12,20,406,66,54,16,117,28,8,372,29,44,89,74,29,16,25
64,Crocodylia,Alligatoridae,Alligator,Alligator mississippiensis,,SKI,0,0,0,0,0,0,0,0,0,0,0,19,1,211,0,23,5,53,64,15,23,2,4,1,3,53,2,0,0,3,1,13,2,0,33,0,638,25,28,57
66,Carnivora,Felidae,Puma,Puma concolor,,PLA+SKI,0,0,0,0,0,0,0,2,5,1,3,1,4,1,7,7,6,1,4,3,3,0,3,0,1,0,0,2,1,0,1,1,0,2,0,0,1,2,1,1
67,Crocodylia,Crocodylidae,Crocodylus,Crocodylus niloticus,,TRO,0,0,0,0,0,0,0,1,1,8,11,1,2,0,2,0,1,4,1,0,2,4,1,0,0,0,0,1,1,0,3,2,0,10,7,4,6,10,20,2
68,Testudines,Cheloniidae,Lepidochelys,Lepidochelys olivacea,,BOD+CAP,0,0,0,0,0,0,0,2,2,1,7,34,15,10,6,2,3,5,0,4,1,1,1,1,2,1,1,2,0,0,0,1,0,2,0,2,3,0,0,0
71,Psittaciformes,Psittacidae,Amazona,Amazona ochrocephala,,LIV,0,0,0,0,0,0,0,9,19,1,178,6,130,15,8,7,8,6,370,3,4,28,2,1,1,0,2,1,0,3,0,0,0,28,0,5,0,0,0,0
73,Veneroida,Tridacnidae,Tridacna,Tridacna crocea,,SHE,0,0,0,0,0,0,0,0,0,0,0,637,0,0,78,1434,565,0,15,0,3,87,1,2,12,1,1,1,2,3,21,3,3,7,8,19,1,2,0,0
74,Proboscidea,Elephantidae,Loxodonta,Loxodonta africana,,SKP,0,0,0,0,0,0,0,0,23,0,0,20,15,0,1,10,1,1,0,0,2,9,0,1,0,30,4,1,23,19,1,0,0,15,3,2,144,3,14,3
75,Artiodactyla,Hippopotamidae,Hippopotamus,Hippopotamus amphibius,,TEE+TUS,0,0,0,0,0,0,0,0,0,0,0,0,0,2,1,24,0,2,63,4,157,12,0,21,37,3,51,2,3,18,50,14,5,37,36,43,16,23,25,27
76,Primates,Cercopithecidae,Papio,Papio ursinus,,TRO,0,0,0,0,0,0,0,0,0,2,2,3,3,11,5,12,4,1,0,0,0,0,0,2,1,0,0,0,6,2,3,1,3,6,7,2,4,4,3,5
77,Crocodylia,Crocodylidae,Osteolaemus,Osteolaemus tetraspis,,BOD,0,0,0,0,0,0,0,1,1,2,7,1,2,4,4,6,8,4,3,3,3,3,0,0,1,0,1,0,0,1,3,3,0,0,1,0,0,1,0,0
78,Carnivora,Felidae,Leopardus,Leopardus pardalis,,BEL+FPL+FPS+FRA+GAR+HAN+LEA+LPL+LPS+SHO+SKO+WAL+WAT,0,0,0,0,0,0,0,12,10,5,13,9,7,18,8,78,10,13,6,333,9,1,10,1,4,1,0,1,0,0,0,0,0,5,0,1,1,5,1,3
79,Serpentes,Boidae,Boa,Boa constrictor,,LIV,0,0,0,0,0,0,0,0,0,0,0,4,36,68,4,67,31,11,366,1,3,1,158,4,0,2,0,0,3,10,1,0,2,1205,24,0,0,3,61,0
80,Osteoglossiformes,Osteoglossidae,Scleropages,Scleropages formosus,,LIV,0,0,0,0,0,0,0,0,0,0,0,0,0,4,1,64,24,17,10,0,0,0,73,0,6,22,36,37,2,1,40,5,1,39,23,0,3,1,1,2
81,Serpentes,Pythonidae,Python,Python bivittatus,,BEL+HAN+LEA+LPL+LPS+SHO+SKO+WAL+WAT,0,0,0,0,0,0,0,0,236,36,13,50,44,36,14,55,58,75,22,73,48,11,0,161,28,151,5,224,0,328,0,15,3,149,92,262,129,342,703,1721
85,Carnivora,Felidae,Leptailurus,Leptailurus serval,,SKI,0,0,0,0,0,0,0,1,4,1,6,20,4,6,21,0,5,1,3,0,3,0,1,10,0,4,1,1,3,0,0,6,1,0,2,1,0,0,0,0
86,Carnivora,Felidae,Panthera,Panthera pardus,,SKP,0,0,0,0,0,0,0,0,0,0,0,23,0,1,1,1,0,4,1,0,461,17,7,3,3,1,3,0,3,302,2,0,1,55,1,1,0,3,4,0
87,Crocodylia,Crocodylidae,Crocodylus,Crocodylus niloticus,,SKU,0,0,0,0,0,0,0,3,0,1,0,1,0,2,17,0,4,8,6,6,4,2,0,3,0,1,0,0,1,0,0,3,8,20,2,1,0,5,3,3
88,Carnivora,Felidae,Panthera,Panthera tigris,,TEE,0,0,0,0,0,0,0,6,1,0,0,0,0,0,5,10,18,1,25,69,1,1,9,6,2,5,7,0,1,0,0,0,0,3,2,4,22,2,9,0
89,Artiodactyla,Bovidae,Kobus,Kobus leche,,TRO,0,0,0,0,0,0,0,1,0,0,1,2,0,3,3,0,0,0,1,1,0,2,0,1,4,2,0,0,0,1,3,1,4,2,3,2,4,2,2,1
90,Carnivora,Felidae,Panthera,Panthera leo,,TRO,0,0,0,0,0,0,0,0,0,4,6,3,1,0,4,0,1,1,0,1,1,2,0,0,2,1,0,0,0,1,1,0,1,5,5,1,10,4,9,5
92,Strigiformes,Tytonidae,Tyto,Tyto alba,,FEA,0,0,0,0,0,0,0,0,0,0,0,0,0,0,0,2,0,2,8,0,1,0,2,7,9,7,10,0,4,1,1,2,7,2,3,6,68,49,68,3
93,Psittaciformes,Psittacidae,Amazona,Amazona finschi,,LIV,0,0,0,0,0,0,0,135,1,0,0,0,0,2,2,1,1,4,7,0,11,4,0,1,4,3,2,3,1,68,0,2,3,0,0,1,1,0,0,0
94,Testudines,Testudinidae,Testudo,Testudo graeca,,LIV,0,0,0,0,0,0,0,0,0,0,0,0,0,0,0,0,749,8,2,41,50,1,3,1,0,6,2,303,0,0,2,1,2,1,206,10,4,252,5,2
96,Serpentes,Elapidae,Naja,Naja naja,,BEL+HAN+LEA+LPL+LPS+SHO+SKO+WAL+WAT,0,0,0,0,0,0,0,0,0,0,2,3,7,0,256,87,569.5,223,51,251,45,12,12,82,10,2,0,2,3,36,9,27,2,7,21,1,3,6,23,0
97,Sauria,Varanidae,Varanus,Varanus exanthematicus,,BEL+HAN+LEA+LPL+LPS+SHO+SKO+WAL+WAT,0,0,0,0,0,0,0,0,2,119,70,17,18,55,149,123,720,144,125.5,91,17,7,9,13,15,1,0,0,6,6,2,0,1,2,0,1,3,0,0,0
98,Mesogastropoda,Strombidae,Strombus,Strombus gigas,,SHE,0,0,0,0,0,0,0,0,0,0,0,0,0,0,0,0,0,0,0,14,6000,4,16,2018,225,16,124,25,23978,184,1587,83,64,31512,279,24545,15879,33317,23131,4469
99,Crocodylia,Crocodylidae,Crocodylus,Crocodylus moreletii,,BEL+HAN+LEA+LPL+LPS+SHO+SKO+WAL+WAT,0,0,0,0,0,0,0,9,35,82,8,21,79,57,46,87,16,15.5,14,13,14,8,32,144,151,24,0,9,0,0,2,0,0,2,8,4,4,0,6,8
101,Falconiformes,Accipitridae,Buteo,Buteo jamaicensis,,BOD,0,0,0,0,0,0,0,5,7,2,3,10,16,10,10,19,15,7,5,3,0,1,0,1,0,1,0,0,1,0,2,1,0,1,0,0,0,0,0,0
103,Strigiformes,Strigidae,Bubo,Bubo virginianus,,FEA,0,0,0,0,0,0,0,0,0,0,0,0,0,5,0,21,0,1,14,32,17,0,7,0,1,0,3,0,12,3,5,1,2,1,10,0,4,5,26,14
104,Carnivora,Felidae,Lynx,Lynx canadensis,,BEL+FPL+FPS+GAR+HAN+LPL+LPS+SHO+SKO+WAL+WAT,0,0,0,0,0,0,0,2,27,1,2,4,0,0,0,9,1,0,1,5,0,1,0,0,0,1,0,2,0,1,8,1,2,1,9,0,1,2,0,0
105,Cycadales,Cycadaceae,Cycas,Cycas revoluta,,LIV,0,0,0,0,0,0,0,0,0,0,1,3,3,0,1,9,0,1,7,0,0,3,9,1,8,13,7,0,5,89,145,132,0,1,0,4,3,0,0,0
106,Serpentes,Pythonidae,Python,Python regius,,LIV,0,0,0,0,0,0,0,0,0,0,150,0,0,0,0,222,43,570,342,500,648,0,300,520,0,0,0,0,5,1,30,0,85,351,83,2002,2006,23,6661,552
107,Serpentes,Boidae,Boa,Boa constrictor,,BEL+HAN+LEA+LPL+LPS+SHO+SKO+WAL+WAT,0,0,0,0,0,0,0,61,370,405,147,14,830,137,22,244,83,25,4,48,14,17,11,4,15,1,22,28,0,1,4,0,6,37,13,9,2,960,0,1
110,Carnivora,Ursidae,Ursus,Ursus americanus,,SKI,0,0,0,0,0,0,0,0,0,0,0,0,0,0,0,0,0,2,0,0,4,1,1,2,4,3,2,5,2,0,4,2,7,8,4,2,2,4,1,9
111,Carnivora,Ursidae,Ursus,Ursus americanus,,SKU+TRO,0,0,0,0,0,0,0,0,0,0,0,0,0,0,0,0,0,5,4,2,4,4,4,11,10,5,4,9,13,4,19,1,14,48,32,52,21,33,31,38
112,Proboscidea,Elephantidae,Loxodonta,Loxodonta africana,,TRO,0,0,0,0,0,0,0,0,0,0,1,0,10,1,1,1,0,0,0,0,0,2,2,0,4,1,1,0,0,1,1,0,2,14,8,6,18,3,3,2
113,Crocodylia,Crocodylidae,Crocodylus,Crocodylus niloticus,,BOD,0,0,0,0,0,0,0,1,1,1,3,2,0,1,1,3,0,3,7,2,3,3,2,2,1,0,0,0,0,0,0,0,1,2,0,0,3,0,0,0
114,Crocodylia,Crocodylidae,Crocodylus,Crocodylus siamensis,,BOD,0,0,0,0,0,0,0,0,0,0,0,0,0,1,0,0,0,0,0,0,1,2,0,1,1,5,0,2,2,7,2,1,1,1,3,3,11,18,2,4
115,Carnivora,Ursidae,Ursus,Ursus americanus,,CLA,0,0,0,0,0,0,0,0,0,0,0,0,0,0,0,0,0,215,50,0,0,20,22,2,2327,1,40,17,2,0,22,7997,19,5,5,142,73,26,21,0
116,Sauria,Iguanidae,Iguana,Iguana iguana,,EGG,0,0,0,0,0,0,0,0,0,0,0,0,0,28,0,14,38,0,0,0,7,210,5,500,0,20,0,0,80,0,131,266,241,113,175,332,332,367,42,198
117,Psittaciformes,Psittacidae,Ara,Ara ararauna,,FEA,0,0,0,0,0,0,0,0,0,0,0,0,0,0,0,0,14,0,13,0,4,2,0,0,0,15,6,58,23,20,3,15,3,243,90,26,27,9,52,43
118,Psittaciformes,Psittacidae,Ara,Ara macao,,FEA,0,0,0,0,0,0,0,0,0,0,0,14,0,0,0,2,24,0,14,0,3,0,0,35,2,0,0,53,48,14,47,5,0,227,12,53,18,12,24,69
119,Proboscidea,Elephantidae,Loxodonta,Loxodonta africana,,FOO,0,0,0,0,0,0,0,0,1,0,9,2,0,1,0,2,2,0,2,0,0,1,0,2,2,0,0,0,4,1,0,0,0,6,9,5,2,7,19,5
120,Psittaciformes,Psittacidae,Amazona,Amazona aestiva,,LIV,0,0,0,0,0,0,0,0,0,0,4,4,3,4,7,2,4,3,0,2,0,0,2,2,1,2,2,0,0,0,1,2,1,0,1,2,0,0,0,0
121,Psittaciformes,Psittacidae,Amazona,Amazona amazonica,,LIV,0,0,0,0,0,0,0,0,0,0,9,2,0,2,1,4,201,3,1,0,0,7,3,0,4,0,1,2,0,2,0,1,0,0,1,1,0,0,1,1
122,Caryophyllales,Cactaceae,Echinocereus,Echinocereus pectinatus,,LIV,0,0,0,0,0,0,0,0,0,0,0,10,0,0,0,10,0,21,0,1,4,0,6,18,10,12,50,12,4,18,18,8,4,1,1,0,1,0,0,0
123,Crocodylia,Crocodylidae,Crocodylus,Crocodylus siamensis,,BEL+HAN+LEA+LPL+LPS+SHO+SKO+WAL+WAT,0,0,0,0,0,0,0,3,0,0,2,13,4,4,1,1,0,0,0,0,0,0,0,0,14,0,3,9,28,6,20,29,78,5,152,44,30,20,23,26
124,Serpentes,Pythonidae,Python,Python regius,,BEL+HAN+LEA+LPL+LPS+SHO+SKO+WAL+WAT,0,0,0,0,0,0,0,0,10,100,6,3,47,42,20,46,24.5,14,12,3,5,0,0,0,0,14,0,0,1,0,3,5,0,2,0,1,2,2,2,0
125,Sauria,Iguanidae,Iguana,Iguana iguana,KIL,MEA,0,0,0,0,0,0,0,0,0,0,0,0,0,0,0,0,10,0,30,0,0,0,9,3,0,29,16,71,3,2,5,19,35,339.659,58.962,21,17,12.8,12.39,68.64
126,Veneroida,Tridacnidae,Tridacna,Tridacna maxima,,SHE,0,0,0,0,0,0,0,0,0,0,0,0,0,0,5,2,1,0,3,5,0,4,0,4,4,5,0,2,0,0,14,7,4,3,6,2,0,110,1,1
127,Serpentes,Boidae,Boa,Boa constrictor,,SKI+SKP,0,0,0,0,0,0,0,0,0,2,0,1,95,4,42,9,5,2,14,329,4,3,3,0,1,0,4,0,0,4,0,0,9,4,0,3,0,0,1,1
128,Testudines,Cheloniidae,Chelonia,Chelonia mydas,,BEL+CAR+HAN+LPL+LPS+SHO+SKO+WAL+WAT,0,0,0,0,0,0,0,62,212,51,18,52,190,48,63,98.5,141,63,51,3,9,0,0,1,5,1,3,2,0,0,1,1,7,5,0,3,0,2,6,2
129,Artiodactyla,Camelidae,Vicugna,Vicugna vicugna,,GAR,0,0,0,0,0,0,0,0,0,2,5,3,1,0,0,1,0,0,0,0,0,6,2,0,0,0,1,10,0,0,0,19,13,5,24,14,46,12,38,8
130,Caryophyllales,Cactaceae,Pachycereus,Pachycereus marginatus,,LIV,0,0,0,0,0,0,0,0,0,0,0,0,0,0,6,7,0,11,0,7,4,10,10,8,8,10,3,9,6,8,8,19,0,3,0,0,0,0,600,0
131,Caryophyllales,Cactaceae,Stenocereus,Stenocereus thurberi,,LIV,0,0,0,0,0,0,0,0,0,75,0,0,1,0,0,7,6,0,0,0,0,0,0,7,9,10,6,17,9,11,2,19,1,6,3,2,0,0,1,0
132,Veneroida,Tridacnidae,Tridacna,Tridacna maxima,,LIV,0,0,0,0,0,0,0,0,0,0,0,0,0,16,0,6,0,0,30,100,73,0,2,0,2,0,1,0,0,18,0,20,27,1195,196,1,776,73,197,503
133,Sauria,Varanidae,Varanus,Varanus exanthematicus,,LIV,0,0,0,0,0,0,0,0,3,0,37,0,300,0,0,32,1,4,149,0,155,0,3,315,0,0,0,0,1,0,3,3,0,0,364,0,135,123,1270,100
134,Sauria,Teiidae,Tupinambis,Tupinambis teguixin,,BEL+HAN+LEA+LPL+LPS+SHO+SKO+WAL+WAT,0,0,0,0,0,0,0,0,492,233,1292,96,501,384,976,3018.5,7357,12,27,43.5,3,13,62,0,25,0,57,6,0,0,0,3,0,0,550,0,0,8,1,1
135,Testudines,Cheloniidae,Chelonia,Chelonia mydas,KIL,MEA,0,0,0,0,0,0,0,6047.849,0,0,0,91,322,192,103,65,27,2,15,0,0,0,0,0,4,0,1,0,0,7,0,1,4,5,1,0,0,1.28,3.5,0
136,Testudines,Cheloniidae,Chelonia,Chelonia mydas,,SHO,0,0,0,0,0,0,0,17,46,19,4,23,107,31,58,76.5,132,57,26,2,4,0,0,0,2,0,2,0,0,0,0,0,6,2,0,0,0,0,0,0
138,Carnivora,Ursidae,Ursus,Ursus arctos,,TRO,0,0,0,0,0,0,0,0,0,2,0,1,0,2,0,3,0,1,12,2,0,4,0,2,4,1,2,0,0,0,0,0,1,6,0,1,19,1,1,0
140,Crocodylia,Crocodylidae,Crocodylus,Crocodylus porosus,,BOD,0,0,0,0,0,0,0,0,1,1,1,0,1,1,1,1,0,1,3,2,5,2,0,0,0,0,0,0,4,0,0,0,1,0,0,1,1,0,3,0
141,Carnivora,Ursidae,Ursus,Ursus arctos,,CLA,0,0,0,0,0,0,0,0,0,0,0,0,0,1670,0,0,0,0,0,7,1,6,4,0,9,3,1,6,9,0,5,0,0,1,6,0,1,2,8,24
142,Carnivora,Felidae,Prionailurus,Prionailurus bengalensis,,BEL+GAR+HAN+LEA+LPL+LPS+SKO,0,0,0,0,0,0,0,3,2,2,0,0,27,0,4,1,0,0,0,0,0,1,2,0,3,5,0,0,0,4,5,3,0,6,2,1,0,0,0,12
143,Liliales,Agavaceae,Agave,Agave victoriae-reginae,,LIV,0,0,0,0,0,0,0,0,0,0,4,4,2,5,13,2,6,10,12,0,5,1,0,3,1,0,2,2,0,0,0,0,0,0,0,0,0,6,0,1
147,Carnivora,Ursidae,Ursus,Ursus americanus,KIL,MEA,0,0,0,0,0,0,0,0,0,0,0,0,0,0,0,0,0,0,0,0,15,0,15,0,105,69,35,6,23,1,17,0,3,29.454,113,137,73,54,6.6,18
150,Carnivora,Felidae,Acinonyx,Acinonyx jubatus,,SKI,0,0,0,0,0,0,0,3,3,4,0,2,4,0,1,2,1,0,2,4,0,0,0,1,0,0,0,1,0,0,2,1,0,0,2,0,0,1,0,1
151,Carnivora,Ursidae,Ursus,Ursus arctos,,SKI,0,0,0,0,0,0,0,0,0,0,1,0,0,0,1,1,0,1,1,0,1,3,0,1,0,0,0,2,1,1,0,0,0,2,1,0,1,2,1,2
152,Proboscidea,Elephantidae,Elephas,Elephas maximus,,SKP,0,0,0,0,0,0,0,0,0,0,0,0,0,0,0,1,0,31,0,0,0,0,1,0,1,0,2,2,25,45,8,1,1,4,5,0,1,1,3,7
153,Proboscidea,Elephantidae,Loxodonta,Loxodonta africana,,TEE,0,0,0,0,0,0,0,0,0,0,3,0,0,2,2,4,5,1,1,0,0,0,0,2,0,0,2,2,0,1,0,1,1,0,5,3,0,0,1,4
154,Falconiformes,Accipitridae,Accipiter,Accipiter cooperii,,BOD,0,0,0,0,0,0,0,0,2,0,2,1,1,2,1,5,1,1,0,0,1,1,1,1,0,0,1,0,0,0,0,0,1,0,0,1,0,0,0,0
155,Testudines,Cheloniidae,Caretta,Caretta caretta,,BOD+CAP,0,0,0,0,0,0,0,2,3,0,2,1,2,2,4,2,16,0,1,0,0,0,1,1,2,0,1,1,2,0,0,1,0,0,2,2,0,1,0,4
156,Falconiformes,Cathartidae,Vultur,Vultur gryphus,,FEA,0,0,0,0,0,0,0,0,0,0,0,0,0,0,0,0,0,1,1,0,1,3,4,0,0,19,17,0,0,3,0,0,1,4,1,10,12,1,19,4
157,Strigiformes,Strigidae,Bubo,Bubo virginianus,,FOO,0,0,0,0,0,0,0,0,2,0,0,0,3,4,0,3,1,3,1,3,1,0,0,1,0,1,0,0,1,0,0,2,0,3,0,1,0,0,5,0
158,Carnivora,Mustelidae,Mustela,Mustela sibirica,,BEL+GAR+HAN+LPL+LPS+SHO+SKO,0,0,0,0,0,0,0,0,0,0,0,0,0,0,0,0,4,1,1,0,0,1,0,0,8,21,5,2,55,10,16,14,0,3,4,0,70,0,68,7
161,Crocodylia,Crocodylidae,Crocodylus,Crocodylus novaeguineae,,BEL+HAN+LEA+LPL+LPS+SHO+SKO+WAL+WAT,0,0,0,0,0,0,0,7,13,123,27,26,20,18,56,11,156,0,0,4,0,0,0,0,0,0,0,0,0,3,0,0,0,4,4,1,12,0,55,0
162,Sauria,Iguanidae,Iguana,Iguana iguana,,MEA,0,0,0,0,0,0,0,0,0,0,0,0,0,0,2,30,0,0,0,0,0,2,1,10,10,1,0,0,5,0,0,23,2,18,0,9,4,23,9,17
163,Mesogastropoda,Strombidae,Strombus,Strombus gigas,KIL,MEA,0,0,0,0,0,0,0,0,0,0,0,0,0,0,0,0,0,0,0,113636,36036,0,0,0,54,0,0,31407,77,788,262,158,391,48220,60098.048,55837.44,15316.56,23214.78,7120.1,29696.47
165,Carnivora,Mustelidae,Lontra,Lontra canadensis,,SKI+SKP,0,0,0,0,0,0,0,0,0,0,0,1,0,16,0,1,102,1,2,0,1,2,0,0,1,1,1,6,0,0,0,0,1,0,13,172,30,0,0,0
166,Carnivora,Felidae,Lynx,Lynx canadensis,,SKI+SKP,0,0,0,0,0,0,0,0,2,0,2,0,5,0,0,0,1,1,0,0,0,7,0,0,3,0,0,0,3,3,0,0,1,439,48,35,1,5,19,0
167,Sauria,Varanidae,Varanus,Varanus salvator,,SID+SKD+SKI,0,0,0,0,0,0,0,0,61,0,1,5,7,7,0,18,9,0,0,3,0,3,0,1,0,0,0,0,0,0,100,0,0,1882,0,150,353,27,3,0
170,Testudines,Cheloniidae,Eretmochelys,Eretmochelys imbricata,,SKO,0,0,0,0,0,0,0,32,453,2,1,8,41,26,10,240,208,79,33,18,5,8,4,0,0,0,0,0,0,0,0,0,0,0,0,0,0,0,0,0
173,Serpentes,Colubridae,Ptyas,Ptyas mucosus,,SID+SKD+SKI+SKP,0,0,0,0,0,0,0,0,0,0,20,7,38,301,52,145,19,822,1,144,0,0,28,3,15,17,3,0,1,0,0,0,8,64,4,0,5,35,10,0
174,Sauria,Varanidae,Varanus,Varanus salvator,,SKP,0,0,0,0,0,0,0,0,77,997,0,0,26,207,1,50,0,0,0,250,28,0,3,0,1,2,0,0,0,0,1,0,1,202,0,0,207,15,0,0
175,Carnivora,Ursidae,Ursus,Ursus americanus,,TEE,0,0,0,0,0,0,0,0,0,0,0,0,0,0,0,0,10,0,0,1,2,0,0,1,2,823,4,0,1,0,2,0,0,735,346,276,3,512,1102,385
176,Carnivora,Canidae,Canis,Canis lupus,,TRO,0,0,0,0,0,0,0,0,0,0,0,0,0,1,0,3,0,0,0,0,0,1,0,2,2,1,0,0,4,0,3,0,4,3,3,9,5,5,5,3
177,Primates,Cercopithecidae,Papio,Papio anubis,,TRO,0,0,0,0,0,0,0,0,1,0,5,0,0,1,0,0,0,0,0,0,0,1,0,1,1,1,1,1,1,0,0,1,0,1,3,0,0,1,1,2
1771,Acipenseriformes,Acipenseridae,Acipenser,Acipenseriformes,KIL,CAV,0,0,0,0,0,0,0,0,0,0,0,0,0,0,0,0,0,0,0,0,0,0,0,4967.381,3199.742,4011.165,7654.42,1750.452,614.111,90.434,121.822,267.117,1223.828,906.4,211.20394,289.49404,1590.779,90.56871,59.7368,282.986
