Class,Order,Family,Genus,Taxon,Unit,Terms,1975,1976,1977,1978,1979,1980,1981,1982,1983,1984,1985,1986,1987,1988,1989,1990,1991,1992,1993,1994,1995,1996,1997,1998,1999,2000,2001,2002,2003,2004,2005,2006,2007,2008,2009,2010,2011,2012,2013,2014,Full term name
REPTILIA,Testudines,Cheloniidae,Eretmochelys,Eretmochelys imbricata,,BOD+CAP,0,0,0,0,0,192,267,4,64,42,42,46,69,68,64,3,4,85,49,47,57,38,33,17,18,6,5,2,10,12,5,4,11,5,22,69,114,14,506,33,bodies & carapaces
REPTILIA,Testudines,Cheloniidae,Chelonia,Chelonia mydas,,BOD+CAP,0,0,1,1,33,195,231,4,97,25,30,57,127,83,62,1,0,43,29,27,16,10,9,4,5,2,3,6,8,9,11,6,4,1,4,96,24,1,10,18,bodies & carapaces
MAMMALIA,Proboscidea,Elephantidae,Loxodonta,Loxodonta africana,,CAR+CST+IJW+IVC+IVP+IVS+KEY+PKY+TUS,0,0,535043,3816439,3125641,1950198,2137728,1612861,1003267,3351844,5634828,8489688,3879129,1708997,261523,1385,2297,3908,3496,1689,1218,2062,2654,4755,3940,9701,3104,2152,2402,2915,11801,3785,2519,2855,994,3863,2407,2157,3212,2110,tusks & ivory products
REPTILIA,Crocodylia,Alligatoridae,Caiman,Caiman crocodilus + subspecies,,BEL+HAN+LEA+LPL+LPS+SHO+SKO+WAL+WAT,0,0,592,201,6047,38700,121861,105458,119084,207965,343289,408045,727810,420382,470946,436480.5,214874,215120,223931.5,181773.5,192695.5,239234.5,192042.5,324798,382565,455772,531884,558502,515916,739204,860639,699043,671164,452614,430623.5,352149.59,332552.5,368349,304584.5,297429,leather products & items
REPTILIA,Crocodylia,Crocodylidae,Crocodylus,Crocodylus niloticus,,BEL+HAN+LEA+LPL+LPS+SHO+SKO+WAL+WAT,0,0,1,0,0,9,26,0,2,82,5,15,35,84,67,3,22,109,62,51,34,78,334.5,4848,16800,20055,26842,33370,34522,41732,42945,39713,49905,43990,21580,30627,42070,33651,30968,30525.5,leather products & items
REPTILIA,Crocodylia,Crocodylidae,Osteolaemus,Osteolaemus tetraspis,,BEL+HAN+LEA+LPL+LPS+SHO+SKO+WAL+WAT,0,0,0,0,0,2,35,0,2,18,14,49,38,99,98,2,0,24,13,9,3,27,24,15,9,5,9,0,1,2,1,0,0,0,0,0,0,0,0,0,leather products & items
REPTILIA,Serpentes,Pythonidae,Python,Python sebae,,BEL+HAN+LEA+LPL+LPS+SHO+SKO+WAL+WAT,0,0,88,2166,123,75,3239,2379,38608,26625,44426,50951,40180,43342,34436,13191,5523.5,1781,2492,4967.5,1092.5,1729,7282.5,25251,8988,4033,1887,509,1253,487,1989,510,391,672,101,60,63,129,303,82,leather products & items
MAMMALIA,Cetacea,Physeteridae,Physeter,Physeter macrocephalus,,TEE,0,0,0,0,0,16,22,2,3,6,7,29,10,2,0,7,0,0,4,3,3,2,1,5,56,8,29,13,4,25,4,7,5,0,7,21,23,41,26,16,teeth
MAMMALIA,Carnivora,Felidae,Panthera,Panthera pardus,,TRO,0,0,0,0,3,6,1,44,231,136,280,288,276,301,268,328,304,312,336,424,366,349,388,399,417,465,449,414,444,405,486,503,485,534,616,434,298,410,350,317,trophies
REPTILIA,Testudines,Cheloniidae,Eretmochelys,Eretmochelys imbricata,,BEL+CAR+HAN+LPL+LPS+SHO+SKO+WAL+WAT,0,0,0,0,0,1062,127,4,116,154,121,38,144,87,104,4.5,4,46,58,76,118,41,96,31,10,30,26,19,173,66,65,70,33,9,0,4,1,3,1,14,leather products & items
REPTILIA,Sauria,Varanidae,Varanus,Varanus niloticus,,BEL+HAN+LEA+LPL+LPS+SHO+SKO+WAL+WAT,0,0,51552,178637,198434,314792,563480,0,659568,944429,2137446,993881,571152,539495,918765,679472,516531.5,539842,556973,583915,534675,451595.5,278601.5,197281,200254,157418,215073,149017,75759,170741,167377,146576,130691,89502,83783,82051,83098,56361,54111,59455,leather products & items
MAMMALIA,Carnivora,Felidae,Panthera,Panthera pardus,,PLA+SKI,0,0,0,0,0,8,23,3,2,12,11,13,7,16,5,6,2,6,6,6,7,9,8,3,4,2,4,3,3,6,3,4,3,10,0,0,0,0,1,1,plates & skins
REPTILIA,Crocodylia,Alligatoridae,Alligator,Alligator mississippiensis,,BEL+HAN+LEA+LPL+LPS+SHO+SKO+WAL+WAT,0,0,0,0,0,268,918,1444,4671,5297,9817,13723,17262,24377,30987,42803.5,36012,48757.5,90697.5,124562,146889.5,153532.5,157008,264416,348911,303834,354375,357012,366279,438709,497196,515718,408786,316650,182963.5,221005,258160.5,255009.7,249611.5,255392.5,leather products & items
REPTILIA,Serpentes,Pythonidae,Python,Python reticulatus,,BEL+GAR+HAN+LEA+LPL+LPS+SHO+SKO+WAL+WAT,0,0,8415,20200,35215,70255,122735,63816,126951,367749,384708,253118,249226,121177,75602,53837.5,30478,25674.5,27197.5,45966,48175,43115,34167,61188,95879,287720,64684,55085,61176,86950,211006,173462,131535,160063,145759,202710.2,208783.01,214377.5,168554.5,152637,leather products & items
MAMMALIA,Carnivora,Felidae,Leopardus,Leopardus pardalis,,SKI,0,0,0,0,0,39,87,1,16,4,10,16,13,29,27,0,1,12,15,12,10,12,5,7,5,2,6,2,7,5,3,1,1,0,0,0,0,0,0,0,skins
MAMMALIA,Carnivora,Felidae,Lynx,Lynx rufus,,SKI+SKP,0,0,679,3932,2731,1867,4154,678,2899,4067,10286,2984,3260,5149,1680,3678,3165,13319,6864,6036,693,12480,4824,8376,6065,3802,6354,1379,2310,5312,3511,5965,10461,8815,6188,7885,12281,8921,13716,3080,skins & skin pieces
REPTILIA,Serpentes,Pythonidae,Python,Python sebae,,SID+SKD+SKI+SKP,0,0,0,8,62,32,583,40,124,264,385,455,2955,14256,7464,2069,913,517,2151,494,485,313,891,1402,1732,225,1463,33,1,9,80,101,13,0,2,10,1,235,151,0,"sides, skins & skin pieces"
MAMMALIA,Artiodactyla,Bovidae,Damaliscus,Damaliscus pygargus pygargus,,TRO,0,0,0,0,0,3,4,2,11,11,30,27,26,35,24,14,25,35,45,35,50,51,50,46,68,66,87,100,76,71,68,91,96,103,127,63,88,99,95,60,trophies
REPTILIA,Sauria,Iguanidae,Iguana,Iguana iguana,,BOD,0,0,0,0,0,60,46,35,55,0,0,0,2,8,88,2,1,10,16,9,36,78,14,132,96,46,92,31,143,98,24,105,22,9,0,0,0,0,0,0,bodies
REPTILIA,Sauria,Iguanidae,Iguana,Iguana iguana,,LIV,0,0,5487,47770,36148,54538,54492,39181,41322,36787,57112,27785,36341,85390,142882,224969,251483,454172,766965,623245,1137076,931296,598183,385951,400855,415212,532273,424824,363088,400912,304959,230957,198780,152103,118848,119798,95166,90962,80273,55031,live
AVES,Psittaciformes,Psittacidae,Psittacus,Psittacus erithacus,,LIV,0,0,942,6480,3753,2579,12162,22921,25849,17325,16845,12843,12733,15783,9792,12530,10649,12319,6794,91,103,124,61,75,94,91,86,86,95,60,54,75,85,64,75,56,56,54,43,73,live
REPTILIA,Serpentes,Pythonidae,Python,Python reticulatus,,SID+SKD+SKP,0,0,0,0,430,630,1030,873,5963,15150,8609,7405,6542,33036,24739,3964,6761,17769,26498,52991,8646,762,112,1717,782,4515,44605,26131,14706,5035,7567,1938,4869,4243,2779,644,2839,1372,2932,765,"sides, skins & skin pieces"
MAMMALIA,Proboscidea,Elephantidae,Elephas,Elephas maximus,,CAR+CST+IJW+IVC+IVP+IVS+KEY+PKY+TUS,0,0,0,3,9,31,48,72,371,310,1366,88,6,6,132,422,11,156,63,31,300,319,332,387,385,570,391,212,443,835,559,892,426,233,565,1078,351,634,895,213.5,tusks & ivory products
REPTILIA,Crocodylia,Crocodylidae,Crocodylus,Crocodylus porosus,,BEL+HAN+LEA+LPL+LPS+SHO+SKO+WAL+WAT,0,0,21,49,157,2,1193,775,1095,881,2320,951,724,375,120,9062,109,113,240,319,142,1016,600,2255,1955,5167,3393,3558,5053,3615,4987,3799,3943,4919,3090,3151,4191,3730,3242,3429,leather products & items
MAMMALIA,Carnivora,Canidae,Canis,Canis lupus,,SKI,0,0,31,665,471,2433,289,587,1432,1093,1287,1446,1423,1148,1518,756,580,2391,3528,2612,1777,3043,3702,3034,3267,2683,2509,2338,2168,1905,1714,1705,1589,1273,1817,1262,1938,2295,2602,1159,skins
MAMMALIA,Carnivora,Felidae,Panthera,Panthera onca,,PLA+SKI,0,0,0,0,0,30,21,0,3,4,3,5,12,3,6,0,1,6,5,3,0,0,0,1,0,1,1,1,2,1,0,0,0,0,0,0,0,0,0,0,plates & skins
REPTILIA,Crocodylia,Alligatoridae,Caiman,Caiman crocodilus + subspecies,,BOD,0,0,0,0,7,44,65,29,22,7,5,36,47,36,22,16,9,22,39,32,15,26,161,137,236,96,129,109,56,189,24,71,8,162,0,135,0,0,0,0,bodies
MAMMALIA,Carnivora,Felidae,Panthera,Panthera tigris,,CLA,0,0,0,0,0,0,9,0,10,0,3,0,0,1,6,0,0,2,42,15,2,11,1,0,0,0,3,0,0,0,1,1,0,0,0,0,0,0,0,0,claws
AVES,Falconiformes,Accipitridae,Haliaeetus,Haliaeetus leucocephalus,,FEA,0,0,0,0,0,1,0,0,0,0,0,91,3,4,66,2,0,9,401,125,45,306,125,46,785,363,202,236,611,1976,2504,4084,5388,4629,4621,3742,3715,4361,2415,2070,feathers
AVES,Psittaciformes,Psittacidae,Amazona,Amazona autumnalis,,LIV,0,0,0,0,0,0,750,1566,3228,7212,4360,3283,3011,4273,2127,1140,584,26,29,14,19,23,85,18,28,15,21,170,10,5,4,6,4,2,1,0,1,0,2,1,live
BIVALVIA,Veneroida,Tridacnidae,Tridacna,Tridacna squamosa,,SHE,0,0,0,0,0,0,0,0,0,0,29240,59075,98554,308498,117578,84735,87880,17171,1,14,17,0,13,1,0,0,97,18,115,34,27,20,545,1141,370,1111,109,825,12,4,shells
REPTILIA,Crocodylia,Crocodylidae,Crocodylus,Crocodylus niloticus,,SID+SKD+SKI+SKP,0,0,0,0,0,16,0,1,0,2,3,3,1,14,1,40,2,3,147,3,116,642,4228,8116,22292,21846,18617.5,45335,27464,18942,11911,7084,8735,5364,1600,4032,7802,10223,6261,10556,"sides, skins & skin pieces"
MAMMALIA,Perissodactyla,Equidae,Equus,Equus zebra hartmannae,,SKI,0,0,0,0,71,24,85,0,9,4,32,26,12,22,20,16,5,12,21,9,7,24,12,8,3,6,15,6,5,2,3,0,1,4,0,1,1,0,0,0,skins
REPTILIA,Serpentes,Pythonidae,Python,Python reticulatus,,SKI,0,0,6974,27498,30158,80773,117158,37430,50940,160070,184571,90103,129271,183542,93543,53189,74052,102522,150895,155825,110911,80832,52355,103967,52677,48885,21193,17488,19291,13825,22731,12160,14724,19593,13129,23125,11603,24850,16804,12109,skins
REPTILIA,Crocodylia,Alligatoridae,Alligator,Alligator mississippiensis,,SID+SKD+SKP,0,0,0,0,0,0,0,0,16,97,46,385,247,1146,7,62,1381,5222,3147,1650,3348,943,29439,31223,6181,5368,6259,7209,7484,31187,21034,40554,21186,8779,2151,1763,10140,4239,1420,1484,"sides, skins & skin pieces"
AVES,Psittaciformes,Psittacidae,Aratinga,Aratinga canicularis,,LIV,0,0,0,0,0,0,2701,512,99,1188,966,977,1768,886,1245,2,1,1,30,3,8,193,28,19,78,71,8,12,5,10,0,0,1,0,0,1,0,0,0,0,live
REPTILIA,Sauria,Varanidae,Varanus,Varanus salvator,,BEL+HAN+LEA+LPL+LPS+SHO+SKO+WAL+WAT,0,0,2618,18054,48800,80364,81245,0,221795,367784,1197557,1093290,1706304,1863972,1615448,1192980,619325.5,305230.5,162895.5,168994,141746,155390.5,84114,227939,162929,204365,171656,151885,209620,142210,175826,185379,145115,119751,98497.5,150316.96,154372,146150.5,111668.5,62013,leather products & items
BIVALVIA,Veneroida,Tridacnidae,Hippopus,Hippopus hippopus,,CAR+SHE,0,0,0,0,0,0,0,0,0,0,122856,451696,320697,220748,188921,187155,121197,35107,2,0,389,7,2,14,82,21,13,51,35,23,25,36,29,5,1,126,13,13,15,5,carvings & shells
MAMMALIA,Carnivora,Felidae,Leopardus,Leopardus wiedii,,SKI,0,0,0,0,0,12,19,2,9,10,5,7,9,7,13,0,0,3,2,3,4,0,2,3,1,0,1,0,0,0,0,1,0,0,0,0,0,0,0,0,skins
MAMMALIA,Perissodactyla,Equidae,Equus,Equus zebra hartmannae,,TRO,0,0,0,0,10,22,67,1,35,22,77,37,62,28,38,26,71,42,62,34,41,54,75,102,128,143,175,209,265,300,416,450,619,600,805,512,423,471,508,538,trophies
AVES,Falconiformes,Accipitridae,Aquila,Aquila chrysaetos,,FEA,0,0,0,0,0,0,0,0,2,0,0,91,1,0,0,0,0,0,16,327,679,318,167,2,34,92,232,86,323,1042,884,848,2398,1607,2875,4462,4127,4082,2291,2047,feathers
AVES,Psittaciformes,Psittacidae,Amazona,Amazona albifrons,,LIV,0,0,0,0,0,0,1183,1861,1197,2275,3288,2693,2762,3836,1507,441,288,1,6,0,6,25,60,4,19,5,8,65,6,2,2,2,2,0,0,0,0,0,1,2,live
REPTILIA,Crocodylia,Alligatoridae,Caiman,Caiman crocodilus + subspecies,,SID+SKD+SKI+SKP,0,0,0,8077,2059,50195,96032,48138,57593,21168,121688,69867,45413,152972,50229,39417,50953,48407,66064,55429,83102,177208,138244,127267,213151,216291.5,227858,214213,190810,237543.5,202315,160496,244709,203591.5,80163,91266,94217,80919,166635,106322,"sides, skins & skin pieces"
MAMMALIA,Carnivora,Odobenidae,Odobenus,Odobenus rosmarus,,CAR+IVC+IVP+TUS,0,0,0,0,0,5,0,0,1759,34,24,73,9091,24961,32194,49827,172,6414,37051,18151,50414,7259,35702,94864,32104,72197,47775,40172,10976,16292,8918,15196,10075,16479,10995,12653,11124,17226,8622,8225,tusks & ivory products
AVES,Strigiformes,Tytonidae,Tyto,Tyto alba,,BOD,0,0,0,0,0,2,1,0,2,2,1,5,8,4,6,0,1,2,3,2,3,2,5,1,0,5,0,0,3,2,1,0,2,0,0,0,0,0,0,0,bodies
AVES,Falconiformes,Accipitridae,Buteo,Buteo jamaicensis,,FEA,0,0,0,0,0,0,17,0,0,0,48,6,0,1,27,0,0,1,0,88,59,43,7,0,0,2,6,14,4,29,4,53,7,68,254,214,219,71,55,234,feathers
MAMMALIA,Carnivora,Felidae,Panthera,Panthera pardus,,BEL+GAR+HAN+LEA+LPL+LPS+SKO,0,0,0,0,0,21,21,1,0,3,4,2,0,6,6,1,0,3,0,1,0,0,0,1,0,8,1,0,0,2,0,0,0,0,0,1,0,0,0,1,leather products & items
REPTILIA,Testudines,Testudinidae,Chelonoidis,Chelonoidis carbonaria,,LIV,0,0,0,548,59,399,1792,1703,564,3465,715,1702,84,187,318,205,1546,603,289,406,661,1132,1126,638,923,848,2234,1432,2136,2436,2324,3841,3407,2519,5051,9076,5608,3749,2940,4779,live
Orchidales,Orchidales,Orchidaceae,Orchidaceae,Orchidaceae hybrid,,LIV,0,0,0,1,125,467,821,20886,29615,55763,331602,305472,236832,344794,480368,688853,868905,1301169,2574065,4019993,6228310,5425956,5192762,6078068,8499488,9834831,12389856,13272057,15813903,14399984,16181666,19300635,19498234,19847864,19535369,14092159,14866258,14429361,17619066,19719413,live
MAMMALIA,Proboscidea,Elephantidae,Loxodonta,Loxodonta africana,,BEL+GAR+HAN+LEA+LPL+LPS+SHO+SKO+WAL+WAT,0,0,83,3504,873,409,239,3193,10240,26469,42773,15351,261373,25962,10022,7362,2,7,182,70,247,223,35,59,115,92,368,279,92,684,91,496,194,549,1048,1714,8531,2943,2098,2691,leather products & items
BIVALVIA,Veneroida,Tridacnidae,Tridacna,Tridacna gigas,,SHE,0,0,0,0,0,0,0,0,0,602,1449,5390,8621,2743,4794,3910,4318,75,0,1,3,5,3,4,148,21,2261,0,5,106,13,53,250,991,315,670,43,570,0,5,shells
REPTILIA,Serpentes,Colubridae,Ptyas,Ptyas mucosus,,BEL+HAN+LEA+LPL+LPS+SHO+SKO+WAL+WAT,0,0,0,0,0,0,0,0,0,236273,3286832,4670392,6027292,6914522,3352893,2294283.5,1800065,1638648,1311899,296529,11408.5,6858,9552,26672,16045,76986,35827,6404,19732,65391,43633,47967,41334,17551,27970,8000,24593,22888,17380,2926,leather products & items
REPTILIA,Crocodylia,Alligatoridae,Alligator,Alligator mississippiensis,,SKI,0,0,0,0,0,2822,13505,8589,6007,6148,6252,9344,11435,12396,16381,10319,14138,20095,24983,23236,21888,54033,27590,43592,32558,18310.5,21048,28015,20597,40094,19886,15352,8375,9956,3091,3884,6004,8256,5482,4145,skins
MAMMALIA,Carnivora,Felidae,Puma,Puma concolor,,PLA+SKI,0,0,0,5,11,10,111,8,2,10,8,19,10,9,9,15,13,14,7,19,17,22,17,71,60,76,94,60,98,55,61,66,78,82,32,29,1,3,13,8,plates & skins
REPTILIA,Crocodylia,Crocodylidae,Crocodylus,Crocodylus niloticus,,TRO,0,0,0,0,0,2,0,0,0,0,2,0,0,6,12,12,17,18,49,38,71,102,64,93,99,147,121,139,164,124,216,209,178,224,255,198,190,250,211,188,trophies
REPTILIA,Testudines,Cheloniidae,Lepidochelys,Lepidochelys olivacea,,BOD+CAP,0,0,0,0,0,8,14,0,0,0,1,3,3,14,15,0,0,1,0,5,0,1,0,0,0,2,4,9,3,12,6,10,7,5,5,3,5,7,14,12,bodies & carapaces
AVES,Psittaciformes,Psittacidae,Amazona,Amazona ochrocephala,,LIV,0,0,0,0,0,0,2681,5260,5030,8003,10018,7109,6186,8011,6153,1236,879,680,145,118,95,95,86,55,86,29,247,82,15,11,43,11,29,12,18,9,5,14,10,7,live
BIVALVIA,Veneroida,Tridacnidae,Tridacna,Tridacna crocea,,SHE,0,0,0,0,0,0,0,0,0,0,0,217,3721,1235,1641,2817,1347,31045,2879,3127,177,24,0,8,46,0,0,0,43,2,76,42,3,0,0,181,4,0,19,10,shells
MAMMALIA,Proboscidea,Elephantidae,Loxodonta,Loxodonta africana,,SKP,0,0,0,900,0,444,389,1338,3110,2703,10193,34040,36288,24559,15544,2120,0,53,1,14,21,23,39,4841,2392,5357,130,1028,223,430,899,1543,535,672,1003,651,2391,3816,3806,5373,skin pieces
MAMMALIA,Artiodactyla,Hippopotamidae,Hippopotamus,Hippopotamus amphibius,,TEE+TUS,0,0,0,0,0,0,0,0,1,0,66,149,114,331,2538,1007,2288,2033,3422,3233,2856,903,3280,1734,1470,2037,1480,1821,2673,1848,1699,608,1827,672,1048,1327,1895,2494,388,462,tusks & teeth
MAMMALIA,Primates,Cercopithecidae,Papio,Papio ursinus,,TRO,0,0,0,20,14,0,0,80,139,115,155,122,180,173,258,270,233,200,274,249,261,216,204,217,258,310,348,323,401,428,578,410,494,618,783,605,504,546,555,500,trophies
REPTILIA,Crocodylia,Crocodylidae,Osteolaemus,Osteolaemus tetraspis,,BOD,0,0,0,0,0,0,6,0,0,1,0,3,2,1,0,0,0,1,2,11,0,1,3,1,0,0,0,0,0,0,0,0,0,0,0,0,0,0,0,0,bodies
MAMMALIA,Carnivora,Felidae,Leopardus,Leopardus pardalis,,BEL+FPL+FPS+FRA+GAR+HAN+LEA+LPL+LPS+SHO+SKO+WAL+WAT,0,0,0,0,0,7,13,2,2,1,1,3,3,5,2,0,0,4,1,1,0,0,1,1,1,1,1,0,0,0,0,0,0,0,1,0,0,0,0,0,leather/fur products & items
REPTILIA,Serpentes,Boidae,Boa,Boa constrictor,,LIV,0,0,4564,12202,56707,19717,13606,4171,1612,4445,17429,7936,3155,4481,5550,12430,12547,33824,46659,24343,23555,27581,31959,25325,9419,8187,22701,19949,17186,23731,21058,21402,16953,17363,15719,13554,7456,7513,13039,3413,live
ACTINOPTERYGII,Osteoglossiformes,Osteoglossidae,Scleropages,Scleropages formosus,,LIV,0,0,0,0,0,0,0,0,0,0,68,0,3,1,4,0,0,0,108,0,0,0,0,0,0,0,6,1,3,0,4,5,2,0,0,0,0,0,0,0,live
REPTILIA,Serpentes,Pythonidae,Python,Python bivittatus,,BEL+HAN+LEA+LPL+LPS+SHO+SKO+WAL+WAT,0,0,0,0,230,2672,3157,0,19958,25557,48205,54412,136127,64083,27908,7984,1589,86,59.5,48,530.5,1270,180,13486,13712,27704,19504,7896,7851,17494,12319,9319,13644,21307,16649,20709,38292,51741.5,36618.26,37846,leather products & items
MAMMALIA,Carnivora,Felidae,Leptailurus,Leptailurus serval,,SKI,0,0,0,0,1,7,14,2,3,3,18,11,8,7,9,2,0,4,2,0,0,0,0,0,1,0,2,0,1,0,0,2,0,2,0,0,0,0,1,1,skins
MAMMALIA,Carnivora,Felidae,Panthera,Panthera pardus,,SKP,0,0,0,0,0,1,0,0,0,0,0,0,2,0,0,0,0,0,0,3,0,0,0,1,1,0,0,4,1,0,7,0,0,2,0,0,0,2,0,3,skin pieces
REPTILIA,Crocodylia,Crocodylidae,Crocodylus,Crocodylus niloticus,,SKU,0,0,0,0,0,3,1,0,0,2,0,0,4,0,1,1,0,0,0,1,601,3,1,3,7,6,26,2,82,6,278,2,3,4,5,4,213,40,102,9,skulls
MAMMALIA,Carnivora,Felidae,Panthera,Panthera tigris,,TEE,0,0,0,0,0,1,12,0,2,1,0,0,0,2,4,0,0,12,2,6,2,4,5,0,2,0,4,0,0,2,0,4,0,0,0,0,0,0,6,0,teeth
MAMMALIA,Artiodactyla,Bovidae,Kobus,Kobus leche,,TRO,0,0,0,0,1,0,143,150,114,63,183,275,279,278,297,224,199,249,212,187,192,183,214,207,298,292,248,237,231,250,267,289,265,283,319,265,256,318,298,259,trophies
MAMMALIA,Carnivora,Felidae,Panthera,Panthera leo,,TRO,0,0,2,129,95,155,144,186,191,189,268,327,298,271,246,353,255,311,278,315,238,245,271,270,275,349,300,291,313,328,422,458,569,655,556,497,443,557,621,735,trophies
AVES,Strigiformes,Tytonidae,Tyto,Tyto alba,,FEA,0,0,0,0,0,0,0,0,0,0,24,2,0,14,7,0,0,0,2,0,3,0,1,0,1,1,2,1,3,0,0,2,14,0,2,0,5,0,0,1,feathers
AVES,Psittaciformes,Psittacidae,Amazona,Amazona finschi,,LIV,0,0,0,0,0,0,522,1001,1,1,1,3,1,1,0,0,2,1,2,2,23,30,14,8,12,8,18,5,10,5,7,7,2,1,3,1,2,1,1,2,live
REPTILIA,Testudines,Testudinidae,Testudo,Testudo graeca,,LIV,0,0,4,201,700,74,1361,275,954,0,299,2000,10000,110,856,1510,16,1545,3559,3268,5591,700,2,1040,3,62,1509,7475,4503,3802,1002,5444,4324,4200,1409,268,2175,2958,4143,204,live
REPTILIA,Serpentes,Elapidae,Naja,Naja naja,,BEL+HAN+LEA+LPL+LPS+SHO+SKO+WAL+WAT,0,0,0,0,0,0,0,0,0,4686,30133,73868,135758,143083,52394,34003,101779.5,43842.5,19336,2067.5,38,369,278,2205,1984,1526,738,66,144,47,2758,4203,2524,445,14,319,813,101,325,20,leather products & items
REPTILIA,Sauria,Varanidae,Varanus,Varanus exanthematicus,,BEL+HAN+LEA+LPL+LPS+SHO+SKO+WAL+WAT,0,0,11105,69718,79413,67813,90202,0,115964,49154,191383,86385,359,426,1991,1240,1160,3376,378,233,336.5,125.5,17,565,278,2,343,2,0,0,0,72,4,10,120,4,64,0,0,6,leather products & items
GASTROPODA,Mesogastropoda,Strombidae,Strombus,Strombus gigas,,SHE,0,0,0,0,0,0,0,0,0,0,0,0,0,0,0,0,0,3000,330699,25582,134124,137585,68859,86141,194765,220035,342158,218144,138531,4514,85975,65800,120030,47422,35163,40071,47667,113530,63969,102416,shells
REPTILIA,Crocodylia,Crocodylidae,Crocodylus,Crocodylus moreletii,,BEL+HAN+LEA+LPL+LPS+SHO+SKO+WAL+WAT,0,0,0,0,0,4,6,0,1,26,7,33,21,3,21,0,0,0,7,2,7,39,21,170,50,69,11,0,1,9,0,10,1,0,0,0,0,16,1250,8275,leather products & items
AVES,Falconiformes,Accipitridae,Buteo,Buteo jamaicensis,,BOD,0,0,0,0,0,3,7,1,0,4,4,2,9,2,6,0,2,3,6,4,6,1,3,2,0,0,0,0,2,1,0,0,3,0,0,0,0,0,0,0,bodies
AVES,Strigiformes,Strigidae,Bubo,Bubo virginianus,,FEA,0,0,0,0,0,0,0,0,0,0,0,7,0,1,3,0,0,0,0,1,2,6,6,0,0,4,3,8,54,0,1,2,4,0,1,0,2,0,0,0,feathers
MAMMALIA,Carnivora,Felidae,Lynx,Lynx canadensis,,BEL+FPL+FPS+GAR+HAN+LPL+LPS+SHO+SKO+WAL+WAT,0,0,16,44,39,302,781,905,1293,1039,846,1081,1014,581,444,279,263,134,188,111,372,463,25,14,17,43,58,71,19,139,312,503,101,79,190,267,208,121,109,272,leather/fur products & items
CYCADOPSIDA,Cycadales,Cycadaceae,Cycas,Cycas revoluta,,LIV,0,0,0,0,0,6704,0,4100,735,0,26874,30240,45821,37573,47116,120259,9655,18543,40526,27430,5832,16557,54517,18296,35100,37917,105790,50040,1250,0,0,86200,48000,0,0,0,0,0,0,0,live
REPTILIA,Serpentes,Pythonidae,Python,Python regius,,LIV,0,0,40,1552,3437,2987,2846,1006,3036,4053,12951,10080,13634,24926,31913,55773,64676,77455,90087,122238,121960,103913,100022,81408,111439,107731,153461,181364,139965,112647,162759,143811,144731,110113,69545,65068,90005,86136,100163,47219,live
REPTILIA,Serpentes,Boidae,Boa,Boa constrictor,,BEL+HAN+LEA+LPL+LPS+SHO+SKO+WAL+WAT,0,0,444,18696,37327,55358,191063,87899,103769,165912,54244,116983,58898,21732,219,307,687,1,6,4,14.5,3,2,480,309,942,164,0,0,0,0,1,0,0,2,5,10,0,0,0,leather products & items
MAMMALIA,Carnivora,Ursidae,Ursus,Ursus americanus,,SKI,0,0,0,0,0,0,0,0,0,0,0,0,0,0,0,0,82,2415,3326,933,1021,857,2044,1989,1437,543,1258,1237,814,1243,1411,1490,1134,799,515,484,275,347,331,493,skins
MAMMALIA,Carnivora,Ursidae,Ursus,Ursus americanus,,SKU+TRO,0,0,0,0,0,0,0,0,0,0,0,0,0,0,0,0,74,3536,6439,7526,11474,8494,8540,6607,7767,6519,5875,6888,8071,10733,11376,10395,8930,7019,9005,7691,8174,7851,6480,7186,skulls & trophies
MAMMALIA,Proboscidea,Elephantidae,Loxodonta,Loxodonta africana,,TRO,0,0,27,465,48,220,123,187,178,143,392,228,217,185,224,63,48,99,93,246,100,148,118,162,207,245,296,267,277,304,349,359,327,496,542,454,377,432,465,322,trophies
REPTILIA,Crocodylia,Crocodylidae,Crocodylus,Crocodylus niloticus,,BOD,0,0,0,0,0,0,1,0,1,0,0,0,1,1,6,0,0,1,1,2,0,2,3,1,2,3,0,1,28,0,1,0,0,0,0,2,0,0,0,0,bodies
REPTILIA,Crocodylia,Crocodylidae,Crocodylus,Crocodylus siamensis,,BOD,0,0,0,0,0,0,0,0,0,2,0,0,0,0,0,0,0,0,1,1,1,0,0,3,8,0,1,0,0,1,0,0,0,0,0,0,0,0,0,0,bodies
MAMMALIA,Carnivora,Ursidae,Ursus,Ursus americanus,,CLA,0,0,0,0,0,0,0,0,0,0,0,0,0,0,0,0,6387,28321,19270,12258,31018,11637,10841,5626,4720,4791,7901,2399,4630,2590,444,591,4658,304,26233,4627,131,162,211,1817,claws
REPTILIA,Sauria,Iguanidae,Iguana,Iguana iguana,,EGG,0,0,0,0,0,0,0,0,0,0,0,0,114,244,0,0,0,0,24,0,25,153,50,0,0,0,142,0,0,0,0,51,223,0,0,0,0,0,0,0,eggs
AVES,Psittaciformes,Psittacidae,Ara,Ara ararauna,,FEA,0,0,0,0,0,0,0,16,30,5,0,0,0,0,0,0,1,0,0,0,2,0,0,9,0,7,0,0,1,1,20,3,16,193,0,102,21,17,0,16,feathers
AVES,Psittaciformes,Psittacidae,Ara,Ara macao,,FEA,0,0,0,0,0,0,0,5,6,0,0,0,0,0,0,0,0,0,0,0,46,0,0,0,55,0,2,0,0,58,43,2,1,445,9,98,160,15,0,50,feathers
MAMMALIA,Proboscidea,Elephantidae,Loxodonta,Loxodonta africana,,FOO,0,0,0,15,0,0,28,61,18,72,35,92,50,300,83,9,1,0,1,0,20,0,6,4,2,21,33,31,69,37,59,75,43,166,338,365,272,344,331,318,feet
AVES,Psittaciformes,Psittacidae,Amazona,Amazona aestiva,,LIV,0,0,0,0,0,0,2559,9625,16589,9240,20853,15710,11395,18615,15619,6782,3933,950,46,10,15,18,14,13,20,13,11,14,5,10,11,18,8,7,9,12,10,11,6,14,live
AVES,Psittaciformes,Psittacidae,Amazona,Amazona amazonica,,LIV,0,0,0,0,0,0,9787,9764,11893,12270,5578,7979,2130,7624,4054,2757,4636,2642,163,11,13,126,238,48,175,5,1928,964,13,11,7,56,374,3,39,4,4,4,2,1,live
CARYOPHYLLALES,Caryophyllales,Cactaceae,Echinocereus,Echinocereus pectinatus,,LIV,0,0,0,0,0,400,3129,2283,4653,1478,841,534,1576,96,1446,1607,418,0,0,0,0,0,0,0,0,0,0,0,0,0,0,0,0,0,0,0,0,0,0,0,live
REPTILIA,Crocodylia,Crocodylidae,Crocodylus,Crocodylus siamensis,,BEL+HAN+LEA+LPL+LPS+SHO+SKO+WAL+WAT,0,0,0,0,0,0,2,6,0,1,0,5,6,8,0,0,0,0,0,0,0,0,0,2,26,1,7,8,5,0,3,0,0,1,0,0,0,0,2,0,leather products & items
REPTILIA,Serpentes,Pythonidae,Python,Python regius,,BEL+HAN+LEA+LPL+LPS+SHO+SKO+WAL+WAT,0,0,0,0,0,0,10,0,132,289,308,213,280,32,10,0,1,1,1,1,0,0,176.5,42,86,1796,0,0,0,0,20,3,23,6,0,0,0,0,0,0,leather products & items
REPTILIA,Sauria,Iguanidae,Iguana,Iguana iguana,KIL,MEA,0,0,0,0,0,0,0,0,0,0,0,0,0,0,0,0,0,0,0,0,0,0,635,0,2,6,192.5,785,1807.454,1233,1030,2030.148,835,547.454,240.5,0,0,0,0,0,meat
BIVALVIA,Veneroida,Tridacnidae,Tridacna,Tridacna maxima,,SHE,0,0,0,0,0,0,0,0,0,0,2387,482,1112,0,3300,196,550,0,0,1,0,0,19,0,1145,1,812,0,37,300,105,162,593,11,2,8,4,71,6,2,shells
REPTILIA,Serpentes,Boidae,Boa,Boa constrictor,,SKI+SKP,0,0,266,9130,11392,23652,54720,6833,6716,10330,18228,11644,8142,458,16,1,1,2,243,0,598,2,1,0,148,27,0,1,2,2,2,4,3,1,0,0,0,0,0,0,skins & skin pieces
REPTILIA,Testudines,Cheloniidae,Chelonia,Chelonia mydas,,BEL+CAR+HAN+LPL+LPS+SHO+SKO+WAL+WAT,0,0,0,388,306,71,218,2,30,79,32,31,41,34,22,30,9,0,48.5,27,10,9,8,4,0,2,4,3,18,6,0,1,7,0,0,0,0,0,0,0,leather products & items
MAMMALIA,Artiodactyla,Camelidae,Vicugna,Vicugna vicugna,,GAR,0,0,0,0,0,0,2,0,0,0,1,0,0,0,0,0,0,0,0,0,0,0,1,0,0,0,0,151,488,549,243,397,771,802,199,386,755,830,1314,1081,GAR
CARYOPHYLLALES,Caryophyllales,Cactaceae,Pachycereus,Pachycereus marginatus,,LIV,0,0,0,0,0,0,0,0,0,10,0,865,564,615,1445,2842,600,0,0,0,0,0,0,0,0,0,0,0,0,0,0,0,0,0,0,0,0,0,0,0,live
CARYOPHYLLALES,Caryophyllales,Cactaceae,Stenocereus,Stenocereus thurberi,,LIV,0,0,0,0,0,6,0,0,50,4003,0,0,0,0,0,0,0,10,0,0,0,0,0,0,0,0,0,0,0,0,0,0,0,0,0,0,0,0,0,0,live
BIVALVIA,Veneroida,Tridacnidae,Tridacna,Tridacna maxima,,LIV,0,0,0,0,0,0,0,0,0,0,0,25,0,0,0,342,3767,3426,5925,7087,8579,7496,22161,24289,28016,29128,24668,33028,27831,30234,18745,25889,33177,22644,30236,28517,29745,25417,33308,37186,live
REPTILIA,Sauria,Varanidae,Varanus,Varanus exanthematicus,,LIV,0,0,9,568,1280,491,993,0,277,619,4626,4175,4592,9347,8734,11740,12548,14335,27727,41439,39276,32378,25351,18668,21297,21915,31343,40647,31113,25833,23032,25582,25018,22475,22318,18478,21020,18888,15453,12877,live
REPTILIA,Sauria,Teiidae,Tupinambis,Tupinambis teguixin,,BEL+HAN+LEA+LPL+LPS+SHO+SKO+WAL+WAT,0,0,0,44016,68440,133589,193369,0,204025,413913,714606,788286,1429786,1466070,987886,961174,536751,280258,384481,259023.5,313959,180643,65437,371633,201863,5269,10289,4368,5317,9161,904,2074,2701,3827,2030,1825,1013,1419,1227,97,leather products & items
REPTILIA,Testudines,Cheloniidae,Chelonia,Chelonia mydas,KIL,MEA,0,0,0,0,16898.868,0,1.814,0,0,0,0,34,4,0,1,0,0,0,3,0,0,0,2,0,0,0,0,0,0,3,0,0,0,0,0,0,0,0,0,0,meat
REPTILIA,Testudines,Cheloniidae,Chelonia,Chelonia mydas,,SHO,0,0,0,33,3,1,117,1,10,15,1,3,9,14,8,0,0,0,43.5,24,8,7,5,4,0,0,4,0,0,4,0,0,0,0,0,0,0,0,0,0,shoes
MAMMALIA,Carnivora,Ursidae,Ursus,Ursus arctos,,TRO,0,0,3,0,60,89,80,94,105,106,133,113,195,114,109,123,135,181,235,260,199,230,234,252,362,358,381,301,275,315,239,250,287,209,201,151,152,176,158,147,trophies
REPTILIA,Crocodylia,Crocodylidae,Crocodylus,Crocodylus porosus,,BOD,0,0,1,0,0,0,0,0,0,5,0,0,0,0,0,0,0,3,1,2,0,2,2,1,8,4,4,6,2,2,3,1,0,0,0,0,0,0,0,0,bodies
MAMMALIA,Carnivora,Ursidae,Ursus,Ursus arctos,,CLA,0,0,0,0,0,0,0,0,28,0,45,79,104,41,68,106,1941,255,53,45,121,36,12,128,215,192,176,84,311,36,18,33,376,2,61,18,5,4,3,37,claws
MAMMALIA,Carnivora,Felidae,Prionailurus,Prionailurus bengalensis,,BEL+GAR+HAN+LEA+LPL+LPS+SKO,0,0,0,0,0,0,0,0,0,5,7,43,0,0,0,1,0,0,0,1,0,0,3,74,39,39,43,17,366,380,315,92,86,25,19,31,87,179,344,83,leather products & items
LILIALES,Liliales,Agavaceae,Agave,Agave victoriae-reginae,,LIV,0,0,0,0,0,0,0,0,250,840,571,0,1208,255,1697,246,950,300,0,0,2,0,0,0,0,0,0,4,1374,1584,9,29,17,105,30,11,10,5,205,9,live
MAMMALIA,Carnivora,Ursidae,Ursus,Ursus americanus,KIL,MEA,0,0,0,0,0,0,0,0,0,0,0,0,0,0,0,0,1018,18376.15,2566,3988,21359,2619,2362,2636,5738,2227.3,5877,6614,5053,2671.908,5327,5081.908,4029,2298,3806.454,2929.454,2342,5723,3850.454,4702,meat
MAMMALIA,Carnivora,Felidae,Acinonyx,Acinonyx jubatus,,SKI,0,0,0,0,0,0,3,0,0,2,2,1,1,1,1,0,0,0,0,1,0,0,0,0,0,0,0,0,0,0,0,0,0,0,0,0,0,0,0,0,skins
MAMMALIA,Carnivora,Ursidae,Ursus,Ursus arctos,,SKI,0,0,0,8,16,29,3,16,14,26,37,58,28,21,18,33,106,81,68,92,15,28,34,26,28,50,72,56,45,48,72,86,112,85,25,22,11,13,35,23,skins
MAMMALIA,Proboscidea,Elephantidae,Elephas,Elephas maximus,,SKP,0,0,0,0,0,0,0,0,1,0,0,0,0,0,0,3,0,0,0,0,0,0,0,1,9,20,8,7,4,6,15,0,9,0,0,0,0,0,0,0,skin pieces
MAMMALIA,Proboscidea,Elephantidae,Loxodonta,Loxodonta africana,,TEE,0,0,0,0,0,3,2,1,3,13,2,0,134,9,17,0,0,0,0,102,3,0,0,0,2,1,0,0,0,1,6,0,4,14,9,1,2,8,23,23,teeth
AVES,Falconiformes,Accipitridae,Accipiter,Accipiter cooperii,,BOD,0,0,0,0,0,1,0,0,0,0,1,0,2,5,1,0,0,2,1,0,5,2,1,0,0,0,0,0,0,0,2,0,0,0,0,0,0,0,0,0,bodies & carapaces
REPTILIA,Testudines,Cheloniidae,Caretta,Caretta caretta,,BOD+CAP,0,0,0,0,0,14,1,0,0,5,1,2,2,1,0,0,0,0,1,1,0,1,0,0,0,0,8,1,0,0,0,0,1,0,0,6,0,2,2,0,bodies & carapaces
AVES,Falconiformes,Cathartidae,Vultur,Vultur gryphus,,FEA,0,0,0,0,0,10,0,0,0,0,0,0,0,0,0,0,0,0,0,0,0,0,0,0,13,0,0,0,2,2,0,0,0,0,0,0,0,0,0,0,feathers
AVES,Strigiformes,Strigidae,Bubo,Bubo virginianus,,FOO,0,0,0,0,0,0,5,0,0,0,2,2,11,9,1,0,0,0,3,1,0,2,1,0,0,0,0,0,0,0,0,0,0,0,0,0,0,0,0,0,feet
MAMMALIA,Carnivora,Mustelidae,Mustela,Mustela sibirica,,BEL+GAR+HAN+LPL+LPS+SHO+SKO,0,0,0,0,0,0,0,0,0,0,0,0,0,0,0,200,89,10914,101,68908,4058,46,937,90,228,562,170,55,9,27,19,304,9,0,0,1,262,0,0,0,leather products & items
REPTILIA,Crocodylia,Crocodylidae,Crocodylus,Crocodylus novaeguineae,,BEL+HAN+LEA+LPL+LPS+SHO+SKO+WAL+WAT,0,0,245,696,176,490,10093,8911,5005,7183,10590,12031,13886,16157,6417,3834.5,1722,578.5,1334.5,3756,300,480,5,5,2560,2505,2343,5523,1580,3026,5150,5368,3077,1078,1600,4459,906,634,1260,1267,leather products & items
REPTILIA,Sauria,Iguanidae,Iguana,Iguana iguana,,MEA,0,0,0,0,0,0,0,0,0,0,0,0,0,0,0,0,0,0,1,0,1,3,1,8,0,78,7,2,135,6,17,3,39,0,0,0,0,0,0,0,meat
GASTROPODA,Mesogastropoda,Strombidae,Strombus,Strombus gigas,KIL,MEA,0,0,0,0,0,0,0,0,0,0,0,0,0,0,0,0,0,0,5,137,1387673,1749757,2008583,1397137,1589956.35,1965387,2412976,2386687,1942484.499,893078,1113480,1161812.225,847761,953657,1302274.94,1253809.13,1253965.49,1357283.75,1703032.07,1552876.084,meat
MAMMALIA,Carnivora,Mustelidae,Lontra,Lontra canadensis,,SKI+SKP,0,0,2261,2102,678,1229,3799,3647,3721,4240,4475,4894,6815,7024,5213,8357,3372,4709,4999,3530,7280,8833,7433,3884,5605,3312,4147,1778,1510,4492,564,1593,3653,1736,3145,1891,1770,4756,3527.5,3365,skins & skin pieces
MAMMALIA,Carnivora,Felidae,Lynx,Lynx canadensis,,SKI+SKP,0,0,2901,11778,17299,15851,18889,19205,17679,6043,6750,3112,3436,4401,4050,8553,7582,8422,6254,3283,2803,3272,3815,4636,4578,2880,4939,2399,4406,2613,2004,1631,2372,2451,3185,2314,4257,3753,8269,1760,skins & skin pieces
REPTILIA,Sauria,Varanidae,Varanus,Varanus salvator,,SID+SKD+SKI,0,0,6833,34168,55198,113425,680920,0,64428,98901,77745,77452,79003,87049,158077,322465,166547,161583,302191,240716,80168,86585,86775,71756,46152,77479,60721,38680,20862,56903,48603,49473,53649,33999,15516.86,10665.5,24946,40683,32238,45107,"sides, skins & skin pieces"
REPTILIA,Testudines,Cheloniidae,Eretmochelys,Eretmochelys imbricata,,SKO,0,0,0,0,0,0,120,4,10,5,9,0,6,27,83,4,3,36,23,49,9,33,93,0,0,0,0,0,0,0,0,0,0,0,0,0,0,0,0,0,leather items
REPTILIA,Serpentes,Colubridae,Ptyas,Ptyas mucosus,,SID+SKD+SKI+SKP,0,0,0,0,0,0,0,0,0,91198,1567553,388261,461202,346968,272139,310519,51870,249151,294168,185163,792,27,114,462,605,1660,734,14,196,1288,1502,58,376,1254,2006,2308,327,1032,963,659,"sides, skins & skin pieces"
REPTILIA,Sauria,Varanidae,Varanus,Varanus salvator,,SKP,0,0,0,0,1914,0,6835,0,17660,13687,27104,57652,109948,11967,52854,62288,30880,9751,47066,13363,34077,3651,2735,5598,4299,50451,29939,13680,23668,38976,45003,10897,24628,10475,1417,351,636,1685,386,168,skin pieces
MAMMALIA,Carnivora,Ursidae,Ursus,Ursus americanus,,TEE,0,0,0,0,0,0,0,0,0,0,0,0,0,0,0,0,85,2611,3796,3686,4267,1268,578,211,200,6904,7042,6333,6015,6197,7677,10651,4184,6934,6799,8518,5710,4361,3103,2657,teeth
MAMMALIA,Carnivora,Canidae,Canis,Canis lupus,,TRO,0,0,7,4,23,29,51,110,93,69,401,55,78,67,83,83,86,107,163,202,202,228,173,119,259,212,231,301,279,351,382,365,348,256,372,349,331,331,320,307,trophies
MAMMALIA,Primates,Cercopithecidae,Papio,Papio anubis,,TRO,0,0,0,0,0,0,0,17,3,8,23,19,9,15,3,30,26,23,32,35,18,40,38,31,53,32,52,55,56,58,42,46,44,68,82,49,59,50,46,36,trophies
ACTINOPTERYGII,Acipenseriformes,Acipenseridae,Acipenser,Acipenseriformes,KIL,CAV,0,0,0,0,0,0,0,0,0,0,0,0,0,0,0,0,0,0,0,0,0,0,0,49917.938,70390.672,67676.296,55762.536,23205.013,14448.488,16498.403,17651.493,7502.8055,3081.686,8562.781,6375.19038,9389.85162,10949.25041,13684.56064,15127.81078,16162.94038,caviar
